,0,1,2,3,4
0,"
","<h2 class=""titulo-bloque""><span>Marcas</span></h2>","
","<div class=""owl-carousel slide-infantil"" id=""marcas-infantil"">
<div>
<a class=""GAimpresiones"" data-gua-ec-promo-creative=""https://www.mifarma.es/media/inicio/marcas/eucerin-100x50.jpg"" data-gua-ec-promo-id=""home_marca_1"" data-gua-ec-promo-name=""marca_ana_maria_la_justicia"" data-gua-ec-promo-position=""home_marca_1"" href=""https://www.mifarma.es/comprar-por/ana_maria_lajusticia/"" title=""Ana Maria Lajusticia""><img alt=""Ana Maria Lajusticia"" src=""https://www.mifarma.es/media/inicio/marcas/anamarialajusticia-100x50.jpg""/></a>
</div>
<div>
<a class=""GAimpresiones"" data-gua-ec-promo-creative=""https://www.mifarma.es/media/inicio/marcas/eucerin-100x50.jpg"" data-gua-ec-promo-id=""home_marca_2"" data-gua-ec-promo-name=""marca_eucerin"" data-gua-ec-promo-position=""home_marca_2"" href=""https://www.mifarma.es/comprar-por/eucerin/"" title=""Eucerin""><img alt=""Eucerin"" src=""https://www.mifarma.es/media/inicio/marcas/eucerin-100x50.jpg""/></a>
</div>
<div>
<a class=""GAimpresiones"" data-gua-ec-promo-creative=""https://www.mifarma.es/media/inicio/marcas/avene-100x50.jpg"" data-gua-ec-promo-id=""home_marca_3"" data-gua-ec-promo-name=""marca_avene"" data-gua-ec-promo-position=""home_marca_3"" href=""https://www.mifarma.es/comprar-por/avene/"" title=""Avene""><img alt=""Logo Avene"" src=""https://www.mifarma.es/media/inicio/marcas/avene-100x50.jpg""/></a>
</div>
<div>
<a class=""GAimpresiones"" data-gua-ec-promo-creative=""https://www.mifarma.es/media/inicio/marcas/isdin-100x50.jpg"" data-gua-ec-promo-id=""home_marca_4"" data-gua-ec-promo-name=""marca_isdin"" data-gua-ec-promo-position=""home_marca_4"" href=""https://www.mifarma.es/comprar-por/isdin/"" title=""Isdin""><img alt=""Logo Isdin"" src=""https://www.mifarma.es/media/inicio/marcas/isdin-100x50.jpg""/></a>
</div>
<div>
<a class=""GAimpresiones"" data-gua-ec-promo-creative=""https://www.mifarma.es/media/inicio/marcas/larocheposay-100x50.jpg"" data-gua-ec-promo-id=""home_marca_5"" data-gua-ec-promo-name=""marca_la_roche_posay"" data-gua-ec-promo-position=""home_marca_5"" href=""https://www.mifarma.es/comprar-por/la_roche_posay/"" title=""La Roche Posay""><img alt=""Logo La Roche Posay"" src=""https://www.mifarma.es/media/inicio/marcas/larocheposay-100x50.jpg""/></a>
</div>
<div>
<a class=""GAimpresiones"" data-gua-ec-promo-creative=""https://www.mifarma.es/media/inicio/marcas/mustela-100x50.jpg"" data-gua-ec-promo-id=""home_marca_6"" data-gua-ec-promo-name=""marca_mustela"" data-gua-ec-promo-position=""home_marca_6"" href=""https://www.mifarma.es/comprar-por/mustela/"" title=""Mustela""><img alt=""Logo Mustela"" src=""https://www.mifarma.es/media/inicio/marcas/mustela-100x50.jpg""/></a>
</div>
<div>
<a class=""GAimpresiones"" data-gua-ec-promo-creative=""https://www.mifarma.es/media/inicio/marcas/nuxe-100x50.jpg"" data-gua-ec-promo-id=""home_marca_7"" data-gua-ec-promo-name=""marca_nuxe"" data-gua-ec-promo-position=""home_marca_7"" href=""https://www.mifarma.es/comprar-por/nuxe/"" title=""Nuxe""><img alt=""Logo Nuxe"" src=""https://www.mifarma.es/media/inicio/marcas/nuxe-100x50.jpg""/></a>
</div>
<div>
<a class=""GAimpresiones"" data-gua-ec-promo-creative=""https://www.mifarma.es/media/inicio/marcas/sesderma-100x50.jpg"" data-gua-ec-promo-id=""home_marca_8"" data-gua-ec-promo-name=""marca_sesderma"" data-gua-ec-promo-position=""home_marca_8"" href=""https://www.mifarma.es/comprar-por/sesderma/"" title=""Sesderma""><img alt=""Logo Sesderma"" src=""https://www.mifarma.es/media/inicio/marcas/sesderma-100x50.jpg""/></a>
</div>
<div>
<a class=""GAimpresiones"" data-gua-ec-promo-creative=""https://www.mifarma.es/media/inicio/marcas/vichy-100x50.jpg"" data-gua-ec-promo-id=""home_marca_9"" data-gua-ec-promo-name=""marca_vichy"" data-gua-ec-promo-position=""home_marca_9"" href=""https://www.mifarma.es/comprar-por/vichy/"" title=""Vichy""><img alt=""Logo Vichy"" src=""https://www.mifarma.es/media/inicio/marcas/vichy-100x50.jpg""/></a>
</div>
<div>
<a class=""GAimpresiones"" data-gua-ec-promo-creative=""https://www.mifarma.es/media/inicio/marcas/weleda-100x50.jpg"" data-gua-ec-promo-id=""home_marca_10"" data-gua-ec-promo-name=""marca_weleda"" data-gua-ec-promo-position=""home_marca_10"" href=""https://www.mifarma.es/comprar-por/weleda/"" title=""Weleda""><img alt=""Logo Weleda"" src=""https://www.mifarma.es/media/inicio/marcas/weleda-100x50.jpg""/></a>
</div>
</div>","
"
