,0
0,Top Ventas 
1,"<a href=""https://www.mifarma.es/mustela-leche-solar-especial-cara-spf-50-40-ml"" onclick=""productObj('Mustela Leche Solar Especial Cara SPF 50+ 40 ml ', '12992', '169448', '6.8', 'Mustela', '1', 'Outlet', '18','Top Ventas         ')"" title=""Mustela Leche Solar Especial Cara SPF 50+ 40 ml "">Mustela Leche Solar Especial Cara SPF 50+ 40 ml </a>"
2,"<a href=""https://www.mifarma.es/toallitas-bebe-waterwipes-4x60uds"" onclick=""productObj('Toallitas Bebé Waterwipes 4x60Uds', '109786', '185961', '11.05', 'Waterwipes', '2', 'Ofertas', '42','Top Ventas         ')"" title=""Toallitas Bebé Waterwipes 4x60Uds"">Toallitas Bebé Waterwipes 4x60Uds</a>"
3,"<a href=""https://www.mifarma.es/babe-healthyaging-contorno-ojos-y-labios-15ml"" onclick=""productObj('Babe HealthyAging Contorno Ojos y Labios 15ml', '140623', '197668', '10.25', 'Babe', '3', 'Ofertas', '37','Top Ventas         ')"" title=""Babe HealthyAging Contorno Ojos y Labios 15ml"">Babe HealthyAging Contorno Ojos y Labios 15ml</a>"
4,"<a href=""https://www.mifarma.es/sensilis-upgrade-lipo-lifting-dia-50ml"" onclick=""productObj('Sensilis Upgrade Chrono Lift Crema de Día 50ml', '3323', '259374', '34.5', 'Sensilis', '4', 'Ofertas', '23','Top Ventas         ')"" title=""Sensilis Upgrade Chrono Lift Crema de Día 50ml"">Sensilis Upgrade Chrono Lift Crema de Día 50ml</a>"
5,"<a href=""https://www.mifarma.es/martiderm-proteoglicanos-fps-30-ampollas"" onclick=""productObj('Martiderm The Originals Proteos Hydra Plus SP-30 Ampollas', '2789', '264267', '36.84', 'Martiderm', '5', 'Miniprecio', '13','Top Ventas         ')"" title=""Martiderm The Originals Proteos Hydra Plus SP-30 Ampollas"">Martiderm The Originals Proteos Hydra Plus SP-30 Ampollas</a>"
6,"<a href=""https://www.mifarma.es/micosan-immunflu-santiveri-40-capsulas"" onclick=""productObj('Micoxan Immunflu Santiveri 40 Cápsulas', '132381', '27170401', '16.12', 'Santiveri', '6', 'Ofertas', '23','Top Ventas         ')"" title=""Micoxan Immunflu Santiveri 40 Cápsulas"">Micoxan Immunflu Santiveri 40 Cápsulas</a>"
7,"<a href=""https://www.mifarma.es/nuk-esponja-vegetal-bebe-2-unidades"" onclick=""productObj('Nuk Esponja Vegetal Bebé 2 Unidades', '51422', '80602433', '4.35', 'Nuk', '7', 'Ofertas', '40','Top Ventas         ')"" title=""Nuk Esponja Vegetal Bebé 2 Unidades"">Nuk Esponja Vegetal Bebé 2 Unidades</a>"
8,"<a href=""https://www.mifarma.es/gel-hidroalcoholico-higienizante-de-manos-mifarma-daily-60ml"" onclick=""productObj('Gel Hidroalcohólico Higienizante de Manos Mifarma Daily 60ml', '133405', 'MIFARMADAILY', '1.75', 'Mifarma', '8', 'Ofertas', '50','Top Ventas         ')"" title=""Gel Hidroalcohólico Higienizante de Manos Mifarma Daily 60ml"">Gel Hidroalcohólico Higienizante de Manos Mifarma Daily 60ml</a>"
9,"<a href=""https://www.mifarma.es/aceite-seco-golden-glow-tropicania-100ml"" onclick=""productObj('Aceite Seco Golden Glow Tropicania 100ml', '140854', 'PL2007171', '20.95', 'Tropicania', '9', 'Ofertas', '21','Top Ventas         ')"" title=""Aceite Seco Golden Glow Tropicania 100ml"">Aceite Seco Golden Glow Tropicania 100ml</a>"
10,"<a href=""https://www.mifarma.es/crema-hidratante-matificante-oily-skin-skinfy-50-ml"" onclick=""productObj('Crema Hidratante Matificante Oily Skin Skinfy 50 ml', '140632', 'SK0002', '11.1', 'Skinfy', '10', 'Ofertas', '26','Top Ventas         ')"" title=""Crema Hidratante Matificante Oily Skin Skinfy 50 ml"">Crema Hidratante Matificante Oily Skin Skinfy 50 ml</a>"
11,<span>Marcas</span>
12,No te puedes perder... 
13,"<a href=""https://www.mifarma.es/colagenosilicioacido-hialuronico-binature-bote-vainilla-368gr"" onclick=""productObj('Colágeno con Silicio y Ácido Hialurónico Binature Bote Vainilla 368gr', '87652', '0901056', '14.95', 'Binature', '1', 'Ofertas', '17','No te puedes perder...   ')"" title=""Colágeno con Silicio y Ácido Hialurónico Binature Bote Vainilla 368gr"">Colágeno con Silicio y Ácido Hialurónico Binature Bote Vainilla 368gr</a>"
14,"<a href=""https://www.mifarma.es/neceser-nuxe-reve-de-miel-balsamo-rostro-crema-manos-gel-exfolinte-cuerpo"" onclick=""productObj('Neceser Nuxe Reve de Miel Bálsamo Rostro + Crema Manos + Gel + Exfoliante Cuerpo', '118068', '0A52698', '18', 'Nuxe', '2', 'Ofertas', '12','No te puedes perder...   ')"" title=""Neceser Nuxe Reve de Miel Bálsamo Rostro + Crema Manos + Gel + Exfoliante Cuerpo"">Neceser Nuxe Reve de Miel Bálsamo Rostro + Crema Manos + Gel + Exfoliante Cuerpo</a>"
15,"<a href=""https://www.mifarma.es/arandano-rojo-santiveri-40-comprimidos"" onclick=""productObj('Cápsulas Vegetales Sueño Santiveri 20 Comprimidos', '111125', '110101', '4.87', 'Santiveri', '3', 'Ofertas', '18','No te puedes perder...   ')"" title=""Cápsulas Vegetales Sueño Santiveri 20 Comprimidos"">Cápsulas Vegetales Sueño Santiveri 20 Comprimidos</a>"
16,"<a href=""https://www.mifarma.es/higiene-intima-diaria-500-ml"" onclick=""productObj('Cumlaude Higiene Íntima Diaria 500 ml', '5267', '162534', '8.15', 'Cumlaude', '4', 'Ofertas', '35','No te puedes perder...   ')"" title=""Cumlaude Higiene Íntima Diaria 500 ml"">Cumlaude Higiene Íntima Diaria 500 ml</a>"
17,"<a href=""https://www.mifarma.es/sebumlaude-ds-seborreico-skin-30-ml-cumlaude"" onclick=""productObj('Sebumlaude DS-Seborreico Skin 30 ml Rilastil', '5238', '225508', '10.85', 'Rilastil', '5', 'Ofertas', '31','No te puedes perder...   ')"" title=""Sebumlaude DS-Seborreico Skin 30 ml Rilastil"">Sebumlaude DS-Seborreico Skin 30 ml Rilastil</a>"
18,"<a href=""https://www.mifarma.es/florase-ansia-santiveri-40-capsulas"" onclick=""productObj('Florase Ansia Santiveri 40 Cápsulas', '121513', '54330701', '15.09', 'Santiveri', '6', 'Ofertas', '21','No te puedes perder...   ')"" title=""Florase Ansia Santiveri 40 Cápsulas"">Florase Ansia Santiveri 40 Cápsulas</a>"
19,"<a href=""https://www.mifarma.es/colageno-magnesio-hialuronico-bote-binature-sabor-vainilla-369gr"" onclick=""productObj('Colágeno Magnesio y Ácido Hialurónico Bote Binature Sabor Vainilla 369g', '77434', 'BN012', '15.95', 'Binature', '7', 'Ofertas', '17','No te puedes perder...   ')"" title=""Colágeno Magnesio y Ácido Hialurónico Bote Binature Sabor Vainilla 369g"">Colágeno Magnesio y Ácido Hialurónico Bote Binature Sabor Vainilla 369g</a>"
20,"<a href=""https://www.mifarma.es/papilla-7-cereales-bio-smileat-200-gramos"" onclick=""productObj('Papilla 7 Cereales BIO Smileat 200 Gramos', '113770', 'ESPA2007C', '2.7', 'Smileat', '8', 'Ofertas', '16','No te puedes perder...   ')"" title=""Papilla 7 Cereales BIO Smileat 200 Gramos"">Papilla 7 Cereales BIO Smileat 200 Gramos</a>"
21,Novedad 
22,"<a href=""https://www.mifarma.es/cetaphil-crema-hidratante-453-gr"" onclick=""productObj('Crema Hidratante Cetaphil 453 gr ', '40477', '175899', '12.65', 'Cetaphil', '1', 'Ofertas', '34','Novedad     ')"" title=""Crema Hidratante Cetaphil 453 gr "">Crema Hidratante Cetaphil 453 gr </a>"
23,"<a href=""https://www.mifarma.es/protegesenos-suavinex-nature-28-unidades"" onclick=""productObj('Protegesenos Suavinex Nature 28 Unidades', '1712', '182125', '4.57', 'Suavinex', '2', '', '8','Novedad     ')"" title=""Protegesenos Suavinex Nature 28 Unidades"">Protegesenos Suavinex Nature 28 Unidades</a>"
24,"<a href=""https://www.mifarma.es/termatuss-irritacion-garganta-y-tos-16-comprimidos"" onclick=""productObj('Termatuss Irritación Garganta y Tos 16 Comprimidos', '142487', '198905', '4.56', 'Termatuss', '3', 'Ofertas', '35','Novedad     ')"" title=""Termatuss Irritación Garganta y Tos 16 Comprimidos"">Termatuss Irritación Garganta y Tos 16 Comprimidos</a>"
25,"<a href=""https://www.mifarma.es/tommee-tippee-sacaleches-electrico-individual-made-for-me"" onclick=""productObj('Tommee Tippee Sacaleches Eléctrico Individual Made for Me', '140662', '423626', '103.95', 'Tommee tippee', '4', 'Ofertas', '28','Novedad     ')"" title=""Tommee Tippee Sacaleches Eléctrico Individual Made for Me"">Tommee Tippee Sacaleches Eléctrico Individual Made for Me</a>"
26,"<a href=""https://www.mifarma.es/locion-reafirmante-q10-body-piel-normal-nivea-400ml"" onclick=""productObj('Loción Reafirmante Q10 Body Piel Normal Nivea 400ml', '114782', '81836', '5.4', 'Nivea', '5', 'Ofertas', '26','Novedad     ')"" title=""Loción Reafirmante Q10 Body Piel Normal Nivea 400ml"">Loción Reafirmante Q10 Body Piel Normal Nivea 400ml</a>"
27,"<a href=""https://www.mifarma.es/nuxe-coffret-nuxuriance-crema-redensificante-piel-normal-a-seca-crema-de-dia-50-ml-regalo-nuxuriance-contorno-de-ojos-15ml"" onclick=""productObj('Nuxe Nuxuriance Crema Redensificante Piel Seca Día 50ml +Crema Manos 75ml', '28554', 'EX01506', '36.28', 'Nuxe', '6', 'Ofertas', '33','Novedad     ')"" title=""Nuxe Nuxuriance Crema Redensificante Piel Seca Día 50ml +Crema Manos 75ml"">Nuxe Nuxuriance Crema Redensificante Piel Seca Día 50ml +Crema Manos 75ml</a>"
28,"<a href=""https://www.mifarma.es/nuxe-cofre-best-sellers-2016-balsamo-reve-de-miel-15g-aceite-prodigieuse-30ml-crema-fraiche-30ml"" onclick=""productObj('Nuxe Cofre Insta Masque 50ml + Aceite Prodigieuse 50ml + Crema Fraiche 30ml', '49769', 'EX02470', '21.03', 'Nuxe', '7', 'Ofertas', '30','Novedad     ')"" title=""Nuxe Cofre Insta Masque 50ml + Aceite Prodigieuse 50ml + Crema Fraiche 30ml"">Nuxe Cofre Insta Masque 50ml + Aceite Prodigieuse 50ml + Crema Fraiche 30ml</a>"
29,"<a href=""https://www.mifarma.es/balasense-magnesio-plus-90-capsulas"" onclick=""productObj('Balasense Magnesio Plus 90 Cápsulas 500mg', '141881', 'PL20082702', '17.95', 'Balasense', '8', 'Ofertas', '20','Novedad     ')"" title=""Balasense Magnesio Plus 90 Cápsulas 500mg"">Balasense Magnesio Plus 90 Cápsulas 500mg</a>"
30,MISIÓN
31,VISIÓN
32,VALORES
33,PAGO SEGURO
34,ATENCIÓN AL CLIENTE
35,MARCAS Y PRODUCTOS
